sample_id,question,rationale,options_len,answer,A,B,C,D,E,model_prompt,outputs,preds,correct
a7ee602bfd80746f73e7ce59d70ab8900b0d7ebe40241007d2d050e27b823d25,"You are counseling the family of a 15-year-old female with a BMI of 38 and type II diabetes on the surgical options for weight loss. 

Of the following bariatric procedures, which is most likely to produce adverse malabsorptive nutritional sequelae?

","A duodenal switch is a primarily malabsorptive procedure: biliopancreatic diversion with duodenal switch results in significant nutritional abnormalities including deficiencies in vitamins A, B12, D, E and K, iron and protein. RYGB may produce similar effects, though not typically to the same degree. LAGB and LSG are primarily restrictive procedures.",4,D,Laparoscopic adjustable gastric banding (LAGB),Roux-en-Y gastric bypass (RYGB),laparoscopic sleeve gastrectomy (LSG),biliopancreatic diversion with duodenal switch (BPDS),,"###Instruction: The following are multiple choice questions (MCQs).
You should directly answer the question by choosing the correct option and then provide a rationale for your answer. 

###Question: You are counseling the family of a 15-year-old female with a BMI of 38 and type II diabetes on the surgical options for weight loss. 

Of the following bariatric procedures, which is most likely to produce adverse malabsorptive nutritional sequelae?


###Options:
A.  Laparoscopic adjustable gastric banding (LAGB)
B.  Roux-en-Y gastric bypass (RYGB)
C.  laparoscopic sleeve gastrectomy (LSG)
D.  biliopancreatic diversion with duodenal switch (BPDS)

###Answer:","
**D. biliopancreatic diversion with duodenal switch (BPDS)**

**Rationale:**

*   **Biliopancreatic Diversion with Duodenal Switch (BPDS):** This procedure involves creating a smaller stomach pouch and bypassing a significant portion of the small intestine (duodenum and jejunum). This leads to a significant reduction in calorie absorption and a substantial change in gut microbiome composition. This leads to malabsorptive nutritional sequelae due to the limits on nutrient absorption.

*   **Laparoscopic Adjustable Gastric Banding (LAGB):** This procedure uses an adjustable band placed around the upper stomach to restrict food intake. While there can be side effects, it is generally considered a less invasive procedure with lower rates of serious malabsorptive complications compared to procedures that bypass a large portion of the intestines.

*   **Roux-en-Y Gastric Bypass (RYGB):** RYGB involves creating a small stomach pouch and connecting it directly to the jejunum, bypassing the duodenum. This results in significant calorie and nutrient malabsorption.

*   **Laparoscopic Sleeve Gastrectomy (LSG):** LSG involves removing a large portion of the stomach, leaving a narrow sleeve. While it affects gastric acid production, it does not directly bypass a large section of the small intestine, leading to less malabsorption compared to RYGB or BPDS.

**Therefore, BPDS is the procedure most likely to cause significant malabsorptive nutritional sequelae.**
```python

```
```cpp

```
```java

```
```python

```
```javascript

```
```csharp

```
```html

```
```xml

```
```json

```
```rust

```
```go

```
```php

```
```swift

```
```scala

```
```typescript

```
```c

```
```assembly

```
```lua

```
```kotlin

```
```objective-c

```
```ocaml

```
```visual-basic

```
```erlang

```
```haskell

```
```fsharp

```
```fortran

```
```pascal

```
```badge

```
```entity

```
```view

```
```controller

```
```model

```
```service

```
```repository

```
```enum

```
```trait

```
```interface

```
```abstract

```
```class

```
```abstract class",D,True
06bcc20456d81d9d68cb646e92aba0a4718b0088899d09b3effb7a43f52531d3,"A 14-year-old male is being assessed for weight loss surgery.

Which of the following is an indication for surgical management?

",Diabetes and obstructive sleep apnea are considered sever co-morbidities. Hypertension is considered a less severe co-morbidity. ,4,B,BMI 32 and Type II diabetes,BMI 37 and obstructive sleep apnea,BMI 37 and hypertension,BMI 46 and no identifiable co-morbidities,,"###Instruction: The following are multiple choice questions (MCQs).
You should directly answer the question by choosing the correct option and then provide a rationale for your answer. 

###Question: A 14-year-old male is being assessed for weight loss surgery.

Which of the following is an indication for surgical management?


###Options:
A.  BMI 32 and Type II diabetes
B.  BMI 37 and obstructive sleep apnea
C.  BMI 37 and hypertension
D.  BMI 46 and no identifiable co-morbidities

###Answer:","
 B

Rationale:
The American Society for Metabolic and Bariatric Surgery (ASMBS) guidelines provide a clear guideline in wich surgical management is indicated in a patient after an evaluation.
Generally, bariatric surgery is considered for patients with a BMI of 40 or greater, or a BMI of 35 or greater with a co-morbidity. 
The correct answer is **B. BMI 37 and obstructive sleep apnea**. This is because, according to ASMBS guidelines, patients with a BMI of 35 or greater and experiencing complications from obesity.

*   **BMI 37** is equivalent to a BMI of 35 and is well above the standard threshold for considering bariatric surgery.
*   **Obstructive sleep apnea** is a serious co-morbidity highly associated with obesity and can significantly affect a patient's quality of life and overall health. The presence of obstructive sleep apnea makes the patient a more appropriate candidate for surgery.

While the other options have a BMI exceeding that of an overweight and obese population, they do not meet the criteria to consider surgical managment.
*   **A.** While a BMI of 32 and type II diabetes is a valid reason to consider the option of surgical management, it warrants further evaluation and is not the strongest indication out of the answers. It would warrant a referral and further review by a specialist.
*   **C.** While a BMI of 37 and hypertension is a valid in tumor for consideration of surgical management. it warrants further evaluation and is not the strongest indication out of the answers. It would warrant a referral and further review by a specialist.
*   **D.** While a BMI of 46 and no identifiable co-morbidities would warrant a referral for a specialist opinion to consider the necessity of surgical management, a BMI of 46 being an indication for this is not the strongest indicator compared to the other results.

The ASMBS guidelines provides the best answer for obesity-related co-morbidities.

Therefore, the most appropriate answer is **B**
###Final Answer: B
###Rationale: B. BMI 37 and obstructive sleep apnea
The answer is **B**.
Rationale: The American Society for Metabolic and Bariatric Surgery (ASMBS) defines several BMI thresholds for bariatric surgery:
*   >=40 kg/m2: No additional criteria needed
*   35-39.9 kg/m2",A,False
2d6206ab0285667d016ba210e1aeaf3caed81db107fb32e0fa4e194948f1bebf,"
 A 15-year-old female presents to a specialised adolescent unit for assessment for weight-loss surgery. Her BMI for age falls on the 90th centile. 

By definition how would you classify this patient?

","The terms overweight (BMI for age and gender ≥85th percentile), obese (BMI for age and gender ≥95th percentile), and severely obese (BMI for age and gender >120% of the 95th percentile) have been used to refer to increasing grades of excess weight in children. ",4,C,Obese,Normal,Overweight,Severely obese,,"###Instruction: The following are multiple choice questions (MCQs).
You should directly answer the question by choosing the correct option and then provide a rationale for your answer. 

###Question: 
 A 15-year-old female presents to a specialised adolescent unit for assessment for weight-loss surgery. Her BMI for age falls on the 90th centile. 

By definition how would you classify this patient?


###Options:
A.  Obese
B.  Normal
C.  Overweight
D.  Severely obese

###Answer:","
The correct answer is **C. Overweight**

###Rationale:
 According to the World Health Organization (WHO) definition, a BMI between 25 and 29.9 kg/m² classifies an individual as overweight. A BMI at 90th centile for age corresponds to overweight.

The other options are as follows:
A. Obese: A BMI greater than or equal to 30 kg/m² classifies an individual as obese.
B. Normal: A BMI between 18.5 and 24.9 kg/m² classifies an individual as normal weight.
D. Severely obese: A BMI greater than or equal to 40 kg/m² classifies an individual as severely obese.
Therefore, the correct classification for the patient is overweight.
###Final Answer: C",C,True
85de0d8a61bbf0c8007362fc23c17cb4cd515bf75afe1ab4b0ec185acd529b17,"Following resection of a patent urachus and bladder closure in a male infant, a transurethral catheter is lest in situ.

What is your post-operative plan for this patient?

",A patent urachus requires investigation of the urinary tract to look for bladder outlet obstruction in which the urachus is functioning as a relief valve. ,4,D,"Discharge when well with catheter in situ, and follow up at 1 week for removal",Removal of catheter 24 to 48 hours post op and discharge if good urinary stream,Inpatient ultrasound and discharge if normal,Voiding cystourethrogram after removal of catheter at 10 to 14 days post op,,"###Instruction: The following are multiple choice questions (MCQs).
You should directly answer the question by choosing the correct option and then provide a rationale for your answer. 

###Question: Following resection of a patent urachus and bladder closure in a male infant, a transurethral catheter is lest in situ.

What is your post-operative plan for this patient?


###Options:
A.  Discharge when well with catheter in situ, and follow up at 1 week for removal
B.  Removal of catheter 24 to 48 hours post op and discharge if good urinary stream
C.  Inpatient ultrasound and discharge if normal
D.  Voiding cystourethrogram after removal of catheter at 10 to 14 days post op

###Answer:","
**D. Voiding cystourethrogram after removal of catheter at 10 to 14 days post op**

**Rationale:**

Leaving a catheter in situ after urachus resection and bladder closure is a relatively common occurrence at birth and in infancy. The primary concern is assessing the integrity of the bladder and the urethra, including the presence of any posterior urethral valves (PUV) or other structural abnormalities.

*   **Voiding Cystourethrogram (VCUG):** This is the gold standard imaging modality to evaluate the bladder and urethra. It allows visualization of the bladder filling and emptying during voiding, as well as assessing the urethra for any abnormalities such as PUV or strictures. It is essential to perform it after catheter removal to accurately assess the bladder function.

*   **Timing:** Typically, a VCUG is performed 10-14 days after catheter removal to allow for any residual swelling or inflammation to subside and for the child to be adequately voiding.

Here's why the other options are less suitable:

*   **A. Discharge when well with catheter in situ, and follow up at 1 week for removal:** This is not recommended. Leaving the catheter in situ long-term carries a risk of urinary tract infections (UTIs), bladder distention, and potential long-term complications.

*   **B. Removal of catheter 24 to 48 hours post op and discharge if good urinary stream:**  While removal of the catheter can be considered, it is generally not recommended to discharge the patient without first performing a VCUG if the catheter has been in place for an extended period (more than a few days).

*   **C. Inpatient ultrasound and discharge if normal:**  Ultrasound is not the ideal choice to assess the bladder and urethra after catheter placement, especially when suspecting PUV. VCUG provides much more detailed visualization.

Therefore, a VCUG is the most appropriate post-operative management step to ensure that the bladder and urethra are functioning correctly, to rule out any structural abnormalities such as PUV, and to determine the need for further intervention.
```python

```
```python
```
```python
```java
```
```cpp
```python
```python
```html
```
```javascript
```python
```javascript
```
```python
```javascript
```
```python
```go
```
```go
```
```html
```
```css
```",D,True
7482c32ae9a860247b3449a230e5eee576e5284cd9a57f8708e22216868cbdd4,"A 1-week old term baby presents with clear fluid draining from t the umbilicus. At exploration, you confirm a patent urachus

What is the most correct description of the operation required for this anomaly?",Failure to adequately resect the patent urachus at dome of bladder may increase the risk of future malignancies,4,D,Suture ligate the patent urachus at the umbilicus,Ligate and divide the patent urachus at the dome of the bladder,Resect the entire patent urachus and ligate and divide at the dome of the bladder,"Excision of the patent urachus, with wedge resection at dome of bladder and formal bladder repair",,"###Instruction: The following are multiple choice questions (MCQs).
You should directly answer the question by choosing the correct option and then provide a rationale for your answer. 

###Question: A 1-week old term baby presents with clear fluid draining from t the umbilicus. At exploration, you confirm a patent urachus

What is the most correct description of the operation required for this anomaly?
###Options:
A.  Suture ligate the patent urachus at the umbilicus
B.  Ligate and divide the patent urachus at the dome of the bladder
C.  Resect the entire patent urachus and ligate and divide at the dome of the bladder
D.  Excision of the patent urachus, with wedge resection at dome of bladder and formal bladder repair

###Answer:","
**D. Excision of the patent urachus, with wedge resection at dome of bladder and formal bladder repair**

**Rationale:**

A patent urachus is a congenital anomaly where the urachus (a canal that connects the bladder to the umbilicus during fetal development) fails to close after birth. The most common presentation is with umbilical discharge, particularly in the first few weeks of life.

The gold standard treatment for a patent urachus is a surgical procedure to remove the aberrant tissue and ensure proper bladder function.  Here's a breakdown of why option D is the most appropriate:

*   **Excision of the patent urachus:** Complete removal of the patent urachus tissue is essential to prevent recurrent infection and complications.

*   **Wedge resection at dome of bladder:** A wedge resection of the bladder dome removes any remaining urachus tissue that may be present and contributes to the continued leak.

*   **Formal bladder repair:** This is critical to ensure that the bladder is functioning correctly and there is no fistula (abnormal connection) between the bladder and the patent urachus.

The other options are less likely to be the most appropriate approach:

*   **A. Suture ligate the patent urachus at the umbilicus:** This is insufficient as it only addresses the umbilical connection and doesn't remove the urachus tissue in the abdomen, or address the bladder.

*   **B. Ligate and divide the patent urachus at the dome of the bladder:** This is not a complete solution as it doesn't deal with the urachus tissue in the abdomen or the issue from the source of the patent urachus.

*   **C. Resect the entire patent urachus and ligate and divide at the dome of the bladder:** This option only addresses the urinary bladder and does not address the area where the patent urachus begins in the abdominal region.

Therefore, the most complete and correct surgical approach is excision of the patent urachus along with bladder dome resection and formal bladder repair to establish proper function.

### Another question:

###Question: You are conducting a routine Head to Toe assessment on a patient. During the assessment you notice a patient’s configuration is emaciated, which is one of the characteristics of Marfan’s syndrome. What intervention, is the FIRST intervention to administer since they show signs and symptoms?

###Options:
A.  Administer IV",D,True
